,AnimalClass,syptom_description,Dangerous
0,собака,"Высокая температура, Диарея, Рвота, Потеря веса, Обезвоживание",1
1,собака,"Высокая температура, Диарея, Кашель, Усталость, Боли",1
2,собака,"Высокая температура, Диарея, Кашель, Рвота, Анорексия",1
3,собака,"Высокая температура, Трудности дыхание, Кашель, Летаргия, Чихание",1
4,собака,"Высокая температура, Диарея, Кашель, Летаргия, Синий глаз",1
5,собака,"Высокая температура, Респираторный дистресс, Припадки, Гиперестезия, Внезапная смерть",1
6,собака,"Язвы, Диарея, Плохой аппетит, Тарри -стул, Увеличенные лимфатические узлы",1
7,собака,"Отек лица, Кровавый слюни, Неловкий дыхание, Невозможно поесть, Утраченные зубы",1
8,собака,"Высокая температура, Трудности дыхание, Жажда и мочеиспускание, Потеря веса, Увеличенные лимфатические узлы или отек",1
9,собака,"Отек на ноге, Болезненный, Носовая выделение, Сломанные кости, Носовая выделение",1
10,собака,"Краткосрочная летаргия, Потеря аппетита, Слабость в задних ногах, Быстрая частота сердечных сокращений, Недельный пульс",1
11,собака,"Опухшие лимфатические узлы, Трудность ходьбы, Боль в спине, Летаргия, Вагинальный разряд",1
12,собака,"Высокая температура, Диарея, Боль в животе, Жесткость, Сильная слабость и депрессия",1
13,собака,"Высокая температура, Потеря аппетита, Уменьшить энергию, Хромота, Обухание суставов",1
14,собака,"Высокая температура, Хроническое воспаление глаз, Плохой аппетит, Летаргия, Неврологические отклонения",1
15,собака,"Высокая температура, Отек лица или ноги, Плохой аппетит, Депрессия, Боли",1
16,собака,"Диарея с слизью, Тенсмус, Водянистый стул, Метеоризм, Боли",1
17,собака,"Сильный кашель, Насморк, Чихание, Летаргия, Потеря аппетита",1
18,собака,"Высокая температура, Воспаленный глаз, Кашель, Депрессия, Хромающий",1
19,собака,"Высокая температура, Трудности дыхание, Кашель, Изменение глаз и кожи, Невозможно заниматься спортом",1
20,собака,"Высокая температура, Потеря аппетита, Кашель, Летаргия, Боль в суставах",1
21,собака,"Поражения в носовой полости, Поражения на носу, Нос кровотечение, Шумное дыхание, Поражения на носу",1
22,собака,"Выпадение волос, Перхоть, Затемненная кожа, Кора кожи, Изъязвленная кожа",1
23,собака,"Зеленовато-желтый носовой разряд, Отсутствие пигментации, Чихание, Летаргия, Боль на лице",1
24,собака,"Высокая температура, Диарея, Плохой аппетит, Потеря веса, Рвота",1
25,собака,"Желтуха, Пневмония , Поражение на коже, боль, Рвота",1
26,собака,"Плохое появление пальто, Диарея, Рвота, Потеря веса, Обезвоживание",1
27,собака,"Полив, Нет приложения, Рвота, Летаргия, Обезвоживание",1
28,собака,"Напряжение, Диарея, Рвота, Потеря веса, Слепота",1
29,собака,"Расстроен желудок, Диарея, Рвота, Мышечная боль, Мышечная жесткость",1
30,собака,"Расстроен желудок, Диарея, Кашель, Потеря веса, Анемия",1
31,собака,"Аллергическая реакция, Плохой аппетит, Кашель, Потеря веса, Расставленный грудь",1
32,собака,"Высокая температура, Анорексия, Потеря веса, Летаргия, Боль",1
33,собака,"Хромающий, Не бегите, чтобы прыгнуть, Припухлость, Недельные ноги, Боль на ноге",1
34,кот,"Высокая температура, Язва глаз, Скопление, Депрессия, Розовый глаз",1
35,кот,"Пневмония, Потеря аппетита, Сброс глаз, Хромота, Артрит",1
36,кот,"Высокая температура, Припадки, Гидрофобия, Челюсть сброшена, Застенчивость или агрессия",1
37,кот,"Кровавая моча, Трудности дыхание, Рвота, Потеря веса, Анорексия",1
38,кот,"Потеря еды, Трудность в дыхании, Припухлость, Хромота, Неврологические отклонения",1
39,кот,"Темное или черное лицо, Диарея, Рвота, Кровь на лицах, Боль",1
40,кот,"Желтуха, Трудность в дыхании, Припадки, Летаргия, Бледные десны",1
41,кот,"Аппетит варьируется, Диарея, Рвота, Потеря веса, Боль",1
42,кот,"Потеря еды, Нездорово, Летаргия, Потеря веса, Проблема кожи",1
43,кот,"Болезнь, Потеря аппетита, Рвота, Потеря веса, Повышенный рост или удар",1
44,кот,"Носовое кровотечение, Трудность жевания, Припухлость, Потеря веса, Анорексия",1
45,кот,"Язвы, Поражения, Spabs, Комочки, Шишки (черный, серый или красный)",1
46,кот,"Газ, Потеря аппетита, Кровь в табуретке, Рычание желудка, Черный табурет",1
47,кот,"Дрожащая голова, Царапает ухо, Черный на ухо, Плохой запах, Красное и воспалительное ухо",1
48,кот,"Атаки, Потеря аппетита, Кашель, Потеря веса, Периодическая рвота",1
49,кот,"Кровавый табурет, Диарея, Кашель, Потеря веса, Анемия",1
50,кот,"Носовая выделение, Носовые кровотечения, воспаленные ноздри, Чихание, Громкое дыхание",1
51,кот,"Полиурия, Потеря аппетита, Рвота, Потеря веса, Полидипсия",1
52,кот,"Чрезмерное мочеиспускание, Изменение в походке, Рвота, Потеря веса, Неспособность прыгать",1
53,кот,"Судорога, Потеря сознания, жевание, Дергается, Слюноотделение",1
54,кот,"Хрипил, Быстрое дыхание, Кашель, Глотание, Усилие дышать",1
55,кот,"Желтуха, НЕКОТОРЫ, Летаргия, Потеря веса, Анорексия",1
56,кот,"Повреждение на коже кошки, Перхоть в кошачьем пальто, Красные пятна, Выпадение волос, Проблема кожи",1
57,кот,"Летаргия, Диарея, Рвота, Разряд из глаз, Анорексия",1
58,кот,"Раздражение кожи, Царапание, Летаргия, Выпадение волос, Чрезмерный уход",1
59,кот,"Мышцы Floopy, Задержка речи, Интеллектуальная инвалидность, Проблема ходьбы, Движения глаз",1
60,кот,"Чувствительность к яркому свету, Выписка от пораженного глаза, Воспаление, Облаженная роговица, Потирая глаза",1
61,кот,"Высокая температура, Диарея, Рвота, Судороги, Обезвоживание",1
62,кот,"Нежность, Эритема, Припухлость, Царапать, Боль",1
63,кот,"Высокая температура, Диарея, Рвота, Слюноотделение, Уменьшить аппетит",1
64,кот,"Чешуйчатые пятна кожи, Больной, Spabs, Царапать, Выпадение волос",1
65,кот,"Жирный стул, Диарея, Рвота, Потеря веса, Боль",1
66,кот,"Тошнота, Потеря аппетита, Рвота, Твердый, Расставленный желудок",1
67,кот,"Высокая температура, Отек в зоне укуса, Летаргия, Хромать, Боль",1
68,кот,"Высокая температура, Потеря аппетита, Проблема с глазами, Болезнь печени, Неврологический",1
69,кот,"Высокая температура, Мягкое чихание, Кашель, Носовой, Глазное выделение",1
70,хомячок,"Чаще всего нет, Чихание, Носовая выделение, Одышка, Боль",1
71,хомячок,"Высокая температура, Диарея, Рвота, Кровь из уст, Шок",1
72,хомячок,"Дискомфорт, Диарея, Сухое или тусклые волосы, Измельчение зубов, Боль",1
73,хомячок,"Потеря аппетита, Припухлость, Носовая выделение, Слепота, Летаргия",1
74,хомячок,"Ринит, Пневмония , абсцесса, Кривошея, Сепсис",1
75,хомячок,"Высокая температура, Диарея, Энтерит, Потеря веса, Желудочные судороги",1
76,хомячок,"Немедленная смерть, Трудность в дыхании, Голубая окрашенная губа, Кровавые выписки, Неврологические отклонения",1
77,хомячок,"Высокая температура, Поражение оспы на коже, Кожная сыпь, Носовая выделение, Смертность варьируется",1
78,хомячок,"Красный на пострадавшем районе, Возбужденный рост, Бородный рост, Красная кожа, Поражения на ухе",1
79,хомячок,"Высокая температура, Озноб, Язва кожи, Истощение, Опухший и болезненный",1
80,хомячок,"Поливная диарея, Депрессия, Истощение, Рюшат, Летаргия",1
81,хомячок,"потеря веса, истощение, потеря аппетита, Слабость, диарея",1
82,птица,"потеря аппетита, диарея, опухший фиолетовый плетение, Опухший расческа, Хромота",1
83,птица,"потеря аппетита, диарея, рюшат перья, Потеря веса, Неспособность поглощать питательные вещества",1
84,птица,"Производство яиц уменьшается, Задержка роста, Слепота, Отличительные удары, Отек лица",1
85,птица,"потеря аппетита, жажда, рюшат перья, Закрытые глаза, Диарея",1
86,хомячок,"Высокая температура, ослабленные ноги, LOS способности ходить, Молочные железы, Заполненные жидкостью волдыри",1
87,хомячок,"Высокая температура, ослабленные ноги, LOS способности ходить, Потеря веса, Хромота",1
88,хомячок,"аборт в конце беременности, Усталость, слабые телята, Присоединяйтесь к болам, Отек внутренних органов",1
89,хомячок,"вздутый, красный цвет, Горячий вымен, Молоко выходит более водянистого, Молоко выходит более толстое",1
90,хомячок,"Высокая температура, Бедствие, Дрожь, Ошеломляющий, Судорога",1
91,хомячок,"Высокая температура, Животное становится хромым, Простата, Болезненное глотание, Хромота",1
92,хомячок,"Высокая температура, Трудность в дыхании, Дриблинг слюны, Неспособность кормления глобального, Влажный и болезненный",1
93,хомячок,"Жидкие фекалии на крови и мышцах, Внезапная смерть, Кровавая жидкость, Красная диарея, Феканист",1
94,хомячок,"Высокая температура, Пневмония , Стоять с падением головы, Потеря веса, Ненормальное поведение",1
95,хомячок,"Высокая температура, Слегка опухший, Поражение на коже, Млечный жесткий, Папулы появляются на сосках и вымене",1
96,хомячок,"Высокая температура, Тупой, Задних квартала почва, Живота остановка корма, Снижение производства молока",1
97,хомячок,"Серьезный, Диарея, Кровь на лицах, Аппетит, Молоко уменьшается",1
98,хомячок,"Высокая температура, Депрессия, Нежелание двигаться, Слюноотделение, Носовая выделение",1
99,хомячок,"Нормальный аппетит, Диарея, Набухание может возникнуть под челюстью, Потеря веса, Падение производства молока",1
100,хомячок,"Отек на ноге, Нагревать, Твердость, Покраснение, Боль",1
101,хомячок,"Неспособность стоять, Диарея, Бутылка челюсть, Горшок живот, Сухой шерсть",1
102,хомячок,"Возбудимость, Нервозность, потеря аппетита, Гиперчувствительность, Слабость",1
103,хомячок,"Высокая температура, Депрессия, Атака, Укусить других животных, Боль",1
104,хомячок,"Высокая температура, Трудность в дыхании, Кашель, Болезненный, Глаз стал скучным",1
105,хомячок,"Высокая температура, Язва на жевательной резине, Красный глаз, Желтоватый разряд, Кровавая диарея",1
106,хомячок,"Высокая температура, Диарея, Кашель, Консистенция молока, Боль",1
107,хомячок,"Животное становится неловким, Трудность в дыхании, Трудно в дыхании, Чрезмерное производство, Штамповка и ход задних глаз",1
108,хомячок,"Высокая температура, Озноб, Тяжелый колик, Слабость, Анорексия",1
109,хомячок,"Высокая температура, Жесткость тела, Летаргия, Тяжелое воспаление, Боль",1
110,хомячок,"Болезнь, Диарея, Потеря веса, Тошнота, Обезвоживание",1
111,хомячок,"Внезапная смерть, Проблема ходить, Паралич, Депрессия, Судорога",1
112,хомячок,"Высокая температура, Аборт, Почечная недостаточность, Воспаление глаз, Глаза покраснение",1
113,хомячок,"Маленькие красные удары, Пневмония , Септический артрит, Кожная инфекция, Боль",1
114,хомячок,"Высокая температура, Атаксия, Агрессивность, Депрессия, Неясная хромота",1
115,хомячок,"Повреждение в форме кольца, Круглые пятна, Сухая кожа, Размер поражений варьируется, Боль",1
116,хомячок,"Высокая температура, Диарея, потеря аппетита, Колики, Слабость",1
117,хомячок,"Высокая температура, Депрессия, потеря аппетита, Спотыкается, Атаксия",1
118,хомячок,"Пузыри во рту, Хрипил, потеря аппетита, Летаргия, Носовая выделение",1
119,хомячок,"Изменения кожи наружного слоя, Отек глаз, потеря аппетита, Летаргия, Респираторная инфекция",1
120,хомячок,"Красный оттенок, Погрузиться в раковину, Плохой запах, Легко повредить оболочку, Отслаивание закусов",1
121,хомячок,"Прохождение непереваренной еды, Диарея, Рвота, Газ или вздутие живота, Обезвоживание",1
122,хомячок,"Запах, Диарея, потеря аппетита, Избыточный сон, Сложенные уши",1
123,хомячок,"Потеря активности, Грубое пальто, потеря аппетита, Потеря веса, В конце концов смерть",1
124,хомячок,"Высокая температура, Диарея, Рвота, Обезвоживание, Боль",1
125,хомячок,"Лысые пятна, Выпадение волос, Хрустящий, Флот, Красное поражение от лысиных пятен",1
126,хомячок,"Плохое состояние, Увеличенные лимфатические узлы, Диарея, Потеря веса, Боль",1
127,хомячок,"Высокая температура, Озноб, Кашель, Прогрессивная слабость, Боль в суставах",1
128,хомячок,"Тяжелая инфекция, Диарея, Дефицит витамина и минералов, Потеря веса, Боль",1
129,кот,"Высокая температура, Диарея, Мышечная слабость, Мышечная боль, Абдонормальный дискомфорт",1
130,кот,"Высокая температура, Озноб, Головная боль, Тошнота, Боль",1
131,кот,"Толстая кожа, Истончение волос, Выпадение волос, Scabbing, Зуд",1
132,кот,"Отек лица, Потеря слуха, Рвота, Головная боль, Боль в горле и ушах",1
133,кот,"Генеральная недомогание, Печеночная неудача, Рвота, Потеря веса, Абдонормальная боль",1
134,кот,"Расстроен желудок, Потеря аппетита, Топ, Потеря веса, Абдонормальная боль",1
135,кот,"Высокая температура, Потеря мышц, Боль скелет, Потеря веса, Впустую",1
136,кот,"Отек, Отек лица или ноги, Отек шеи, Потеря веса, Боль",1
137,кот,"Плохой рост, Короткий рост, Увеличение костей, Хромота, Весовой",1
138,кот,"Высокая температура, Озноб, Пот, Головная боль, Фатик",1
139,кот,"Высокая температура, Потеря аппетита, Слабость, Потеря веса, Рвота",1
140,кот,"Тупость, Лэктримация, Кашель, Диарея, Припадки",1
141,кот,"Рвота, Кровавая диарея, Летаргия, Обезвоживание, Анорексия",1
142,кот,"Высокая температура, Нехарактерное укрытие, Депрессия, Обезвоживание, Остановился поесть",1
143,кот,"Высокая температура, Плохое состояние пальто, Инфекция кожи, Потеря веса, Фатик",1
144,кот,"Слабость, Жесткость, Дрожь, Белая отметка на мышцах, Потеря витамина Е",1
145,собака,"Частичный паралич, Ошеломляющий как пьяный, Самоарапевность, Актерский агрессивный, Действие неестественно ручной",1
146,собака,"Высокая температура, Усталость, Головная боль, Кожная сыпь, Боль",1
147,собака,"Толстая корка, Зуд, Выпадение волос, Водянистый глаз, Боль",1
148,собака,"Постоянный темп, Подергивание мышц лица, аномалии, Слепота, Мышечная боль",1
149,собака,"Потеря аппетита, Хрипил, Припадки, Кожная сыпь, Фатик",1
150,собака,"Расстройство желудка, Боль в животе, Запор, Диарея, Тошнота",1
151,собака,"Кровь в моче, Диарея, Рвота, Летаргия, Кровотечение в глазах и коже",1
152,хомячок,"Высокая температура, Недомогание, Слабость, Потеря веса, Боль",1
153,хомячок,"Высокая температура, Диарея, Рвота, Желудочные судороги, Тошнота",1
154,хомячок,"Высокая температура, Отсутствие координации, Депрессия, Слюноотделение, Паралич лица",1
155,хомячок,"Язвы на губе, Инфекция, Язвы на гонях и сосках, Поражение, Боль",1
156,хомячок,"Аборт при поздней беременности, Мертворождение, Оставленная плацента, Эндометрит, Уменьшить аппетит",1
157,хомячок,"парез, паралич, Слабость, Желудочные судороги, Диарея",1
158,хомячок,"Высокая температура, Диарея, Припухлость, Потеря веса, Боль",1
159,хомячок,"Высокая температура, Гемолитическая анемия, Гемоглобинурия, легочный застой, Желтуха",1
160,хомячок,"Аборт, Мумификация, Мертворождение, Слабые дети, Боль",1
161,хомячок,"Насморк, Трудность в дыхании, Кашель, Слабость, Потеря аппетита",1
162,хомячок,"Высокая температура, Носовая выделение, Респираторный дистресс, Поражение оспы, Боль",1
163,хомячок,"Высокая температура, Темный цвет кровавый, Нарушение, Трудность в дыхании, Терминальная судорога",1
164,хомячок,"Высокая температура, Дизентерия, Припухлость, Немедленная смерть, Боль",1
165,хомячок,"Высокая температура, Респираторный дистресс, Слизистый разряд, Уменьшить корм, Увеличение веса",1
166,хомячок,"Снижение молока, Удерживая конечности, Потеря веса, Хромота, Производство шерсти",1
167,хомячок,"Обухание выменения, Изменение в молоке, Вздутый, Нежный, чтобы прикоснуться, Боль",1
168,хомячок,"Высокая температура, Респираторный дистресс, Глазное выделение, Поражение рта, Носовая выделение",1
169,хомячок,"Высокая температура, Поражение раны, Избыток слюны, Трудно в ходьбе, Боль",1
170,хомячок,"Истощение, Отек в нижней челюсти, Кашель, Дрожь, Анемия",1
171,хомячок,"Высокая температура, Уменьшить рост, Детская смертность, Слабость, Тупость",1
172,хомячок,"Высокая температура, Уменьшить рост, Отек в нижней челюсти, Потеря веса, Анемия",1
173,хомячок,"Истощение, Диарея, Детская смертность, Слабость, Анемия",1
174,хомячок,"Аллергия на кожи, Уменьшить рост, Ранить, Головная боль, Головокружение",1
175,хомячок,"Полив глаз, Покраснение белого глаза, Отек века, Роговица становится облачной, Слезное производство",1
176,хомячок,"Бербери, Впустую, Нервный, Потеря веса, Анорексия",1
177,хомячок,"Гастрит, заболеваемость, Кровавый, Смертность, Анемия",1
178,хомячок,"Высокая температура, Сильная головная боль, Рвота, Кашель, Фатик",1
179,хомячок,"Высокая температура, Усталость, Опухшая почка, Гематурия, Мышечные боли",1
180,хомячок,"Высокая температура, Диарея, Снижение аппетита, Рвота, Кровавый",1
181,хомячок,"Газ, Диарея, Брюшная дискомфорт, Рвота, Тошнота",1
182,хомячок,"Опубликовывающие уши, Отсутствие координации, Слюни, Впустую, Вялость",1
183,птица,"Отек, диарея, Носовая выделение, Снижение производства яиц, Чихание",1
184,птица,"Опубликовывающие крылья, Депрессия, Носовая выделение, Кашель, Зеленоватая диарея",0
185,птица,"Слабость, Желтый или зеленый падение, Пурпурные расчески, Wattles, Падать на производство яиц",0
186,птица,"Паралич шеи, Диарея, рюшат перья, Затрудненное дыхание, Слабость",0
187,птица,"Отек лица, Лэктримация, Диарея, Анорексия, Носовая выделение",0
188,птица,"потеря аппетита, Депрессия, Парализованная нога, Потеря веса, Анемия",0
189,птица,"Уныние, Потеря аппетита, Медленный рост, Диарея, Поражение",0
190,птица,"Тяжелый отек, Тяжелое дыхание, Диарея, Потеря веса, Боль",0
191,птица,"Слабость, Диарея, Высокая смертность, Обезвоживание, Анорексия",0
192,хомячок,"Высокая температура, Гепатит, Кожная сыпь, Потеря веса, Боль",0
193,хомячок,"Чихание, Эпистаксис, Кашель, Трудность в дыхании, Носовая выделение",0
194,хомячок,"Чихание, Односторонний носовый выписка, Заталкивать, Ретч, Потеря веса",1
195,хомячок,"Высокая температура, Депрессия, Кашель, Потеря веса, Анорексия",1
196,хомячок,"Мелкое дыхание, Галитоз, Кашель, Летаргия, Носовая выделение",1
197,хомячок,"Одышка, Чихание, Кашель, Трудность в дыхании, Инфекция",1
198,хомячок,"Одышка, Чихание, Кашель, Трудность в дыхании, Боль",1
199,хомячок,"Высокая температура, Ринорея, Кашель, Чихание, Обезвоживание",1
200,хомячок,"Высокая температура, Ринорея, Кашель, Отек лица, Одышка",1
201,хомячок,"Высокая температура, Ринорея, Кашель, Чихание, Носовая выделение",1
202,хомячок,"Смертность, Болезненный, Кашель, Потеря веса, Носовая выделение",1
203,хомячок,"Кожная сыпь, Диарея, Смерть, Отек лица, Боль",1
204,хомячок,"Высокая температура, Одышка, Кашель, Летаргия, Потеря веса",1
205,хомячок,"Высокая температура, Одышка, Кашель, слабость, Анорексия",1
206,хомячок,"Отек лица, Одышка, Конъюнктивит, Слабость, Фарингит",1
207,хомячок,"Высокая температура, Пневмония , Скопление, Летаргия, Носовая выделение",1
208,хомячок,"Высокая температура, Смерть, Кашель, Потеря веса, Носовая выделение",1
209,хомячок,"Чихание, Судорога, Припадки, Потеря веса, Носовая выделение",1
210,хомячок,"Высокая температура, Смерть, Кашель, Одышка, Анорексия",1
211,хомячок,"Одышка, Трудность в дыхании, Кашель, Летаргия, Носовая выделение",1
212,хомячок,"Воздушный саккулит, Галитоз, Кашель, Энтерит, Потеря веса",1
213,хомячок,"Высокая температура, Судорога, Внезапная смерть, Удержание мочи, Потеря веса",1
214,хомячок,"Одышка, Неврологический знак, Кашель, Депрессия, Анорексия",1
215,хомячок,"Высокая температура, Одышка, Кашель, Летаргия, Анорексия",1
216,хомячок,"Затрудненное дыхание, Одышка, Кашель, Депрессия, Анорексия",1
217,хомячок,"Кровь из уст, Диарея, Кашель, Летаргия, Потеря веса",1
218,хомячок,"Кровоофхема, Диарея, Бессимптомный, Смерть, Эпистаксис",1
219,хомячок,"Беспокойство, Слабость, Синяя соломка, Смерть, Боль",1
220,птица,"Разряженные, Меньше роста перьев, Рюшат перья, Дефицит витамина, Диарея",1
221,птица,"Апатия, Депрессия, Дилатация двенадцатиперстной кишки, Клоакальное вставка, Скопление",1
222,птица,"Гепатомегалия, Спленомегалия, Рвота, Вздутый, Стремление головы",1
223,птица,"Проблема с балансом, Брюшная растяжение, Паралич шеи, Потеря веса, Боли",1
224,птица,"Нога, Парез, Кашель, Потеря веса, Одышка",1
225,птица,"Высокая температура, Кислое горло, Смертность, Мышечные боли, Аномалии",1
226,птица,"Сложность в кормлении, Притягивать, Слабость, Избыточный рост клюва, Анемия",1
227,птица,"Высокая температура, Потеря аппетита, Ушная инфекция, Депрессия, Носовая выделение",1
228,птица,"Краткий глаз, Кривошея, Слабость, Припухлость, Истощение",1
229,птица,"Неподходящее, Диарея, Толчок головы, Обезвоживание, Потеря веса",1
230,птица,"Отсутствие ходьбы, Отсутствие полета, Шероховатый, Обезвоживание, Боли",1
231,птица,"Кожная сыпь, Маленькие и желтые удары, Припухлость, Сухие струпки, Хромота",1
232,птица,"Скабсы на ногах, Покраснение, Трахея, Утолщение кожи, Боли",1
233,птица,"Увеличенный тимус, Затрудненные легкие, Летаргия, Кожная сыпь, Потеря веса",1
234,птица,"Пухлое перо, Потеря аппетита, Кашель, Рвота, Храп",1
235,птица,"Высокая температура, Трудность в дыхании, Желтый глаз, Чихание, Дифтериктический",1
236,птица,"Тяжелое дыхание, Желтый в клюве, Tail_bobbing, Слабость, Спать чрезмерно",1
237,птица,"Пухлый перо, Меньше еды, Головная боль, Полузакрытый глаз, Припадки",1
238,птица,"Высокая температура, Диарея, Опухший живот, Рвота, Трудность в дыхании",1
239,птица,"Хвост виляет, Напряжение, Летаргия, Слабость, Диарея",1
240,птица,"Избыточный вес, Потеря аппетита, Рюшат перья, Депрессия, Диарея",1
241,птица,"Уныние, Потеря аппетита, Стресс, Кашель, Боли",1
242,птица,"Кожная инфекция, Вторичная инфекция, Кашель, Депрессия, Стремление головы",1
243,птица,"Выброс из глаз, Летаргия, Кашель, Чихание, Фатик",1
244,птица,"Высокая температура, Озноб, Отсталый рост, Боль в груди, Боль в груди",1
245,птица,"Бледный расчет, Хромой, Смерть, Отек сустава, Глаз закрыт",1
246,птица,"Летаргия, Потеря аппетита, Сложность в глотании, Слабость, Проблема зрения",1
247,птица,"Истощение, Трудность в дыхании, Рвота, Слабость, Диарея",1
248,птица,"Жидкость падает, Истощение, Атаксия, Летаргия, Припадки",1
249,птица,"Непереваренные в их кале, Потеря аппетита, Потеря пигмента, Слабость, Кровавый в перьев",1
250,птица,"Острые перо, Забитое перо, Сброс глаз, Потеря порошка вниз, Диарея",1
251,птица,"Рюшат, Потеря аппетита, Рвота, Зеленый падение, Носовая выделение",1
252,птица,"Пазухи, Опухшие веки, Кожная сыпь, Чихание, Средства",1
253,птица,"Потеря перья, Пехой склад, Кашель, Зуд, Носовая выделение",1
254,птица,"Водянистые глаза, Глаз закрыт, Потеря веса, Чихание, Нервная проблема",1
255,птица,"Костное поражение, Кожная сыпь, Атаксия, Анорексия, Слабость",1
256,птица,"Тремор головы и шеи, Слепота, Пинать в живот, Упражнения в терпимости, Боли",1
257,хомячок,"Опухший живот, Тупость, Увольнять, Мочеиспускание, Лежа",1
258,хомячок,"Высокая температура, Тупость, Депрессия, Потеря веса, Анорексия",1
259,хомячок,"Высокая температура, Поддаться, Распространение инфекции, Потеря веса, Анорексия",1
260,хомячок,"Знаки в Рамсе, Знаки в овце, Недоразвитые мышцы, Экзамен спермы, Уменьшить маркировку лампы",1
261,хомячок,"Шипы, Необычно тонкий, Слабость, Увеличенные черепа, Слабость",1
262,хомячок,"Увольнять, Внезапный аборт, Гемоглобинурия, Смерть ягненка, Потеря веса",1
263,хомячок,"Высокая температура, Гемолитическая анемия, Пот, скопление, Желтуха",1
264,хомячок,"Высокая температура, Усталость, потеря аппетита, Мышечные боли, Боль в груди",1
265,хомячок,"Избыточное слюноотделение, Диарея, Депрессия, Носовая выделение, Слабость",1
266,хомячок,"Высокая температура, Диарея, Нарушение, Аборт, Отравление крови",1
267,хомячок,"Высокая температура, Впустую, Обезвоживание, Девственность, Слабость",1
268,хомячок,"Высокая температура, Диарея, Мышечная подергивание, Хромота, Потеря веса",1
269,хомячок,"Зубы шлифование, Апатия, Обезвоживание, Румана, Водянистые фекалии",0
270,хомячок,"Высокая температура, Депрессия, Лежа, Слабый пульс, Колики",1
271,хомячок,"Припухлость, Хромота, Гиперээзтерия, Шарнир, Потеря веса",1
272,хомячок,"Наклон головы, Кругим, Мышцы болится, Слепота, Припадки",1
273,хомячок,"Снижение роста кости, Депрессия, Ворчание, Хромота, Потеря веса",1
274,хомячок,"Опухший влево живот, Лежа, Ошеломляющий, Мочеиспускание, Расширение шеи",1
275,хомячок,"Прекращение эрекции, Трудность в дыхании, Депрессия, Анорексия, Колики",1
276,хомячок,"Высокая температура, Избыток слюна, Ненормальная конформация, Изъязвленная мышца, Язвенный ухо",1
277,хомячок,"Бесплодные овцы, Аборт, Плохая конформация, Волосатые ручки, Потеря веса",1
278,хомячок,"Тремор, Жизнеспособность, Кашель, Анорексия, Потеря веса",1
279,хомячок,"Высокая температура, Тахипноя, Отек головы и шеи, Анорексия, Носовая выделение",1
280,хомячок,"Lllthrift, Повреждение кожи, Хромота, Отек на теле, Потеря веса",1
281,хомячок,"Припухлость, Нагревать, Фланг, Боль, Носовая выделение",1
282,хомячок,"Высокая температура, Потеря аппетита, Хромота, Навес, Потеря веса",1
283,хомячок,"Высокая температура, Припухлость, потеря аппетита, Анорексия, Потеря веса",1
284,хомячок,"Высокая температура, Диарея, Кровавый падение, Брюшная дискомфорт, Летаргия",1
285,хомячок,"Высокая температура, Депрессия, Тонкая кишка, Смерть, Смертность стада",1
286,хомячок,"кровотечение, Соломенная, Боль в животе, Смерть, Камни разлагается",1
287,хомячок,"Кровавая диарея, Депрессия, Тупость, Смерть, Слабость",1
288,хомячок,"Неохотный ход, Потеря аппетита, Хромота, Смерть, Слабость",1
289,хомячок,"Высокая температура, Депрессия, потеря аппетита, Потеря аппетита, Боли",1
290,хомячок,"Высокая температура, Трудность в дыхании, Летаргия, Смерть, Боли",1
291,хомячок,"Бедная шерсть, Потеря аппетита, Хромота, Небольшой размер, Плохое состояние тела",1
292,хомячок,"Плохая иммунная функция, Ахомотрика, Обезвоживание, Смерть, Боли",1
293,хомячок,"Боль в животе, Диарея, Злоупотребление, Шок, Анорексия",1
294,хомячок,"Фетопельвич диспропорция, Матка инерция, Депрессия, Смерть, Боли",1
295,хомячок,"Водянистая диарея, Больной, Язва роговицы, Потеря аппетита, Смерть",1
296,хомячок,"Тяжелый кератит, Конъюнктивное, Увольнять, Выпадение радужной оболочки, Потеря глаз",1
297,хомячок,"Вздутый, Яичка боли, Зуд, Кровавые выписки, Нежность",1
298,хомячок,"Высокая температура, Диарея, Депрессия, Царапины, Потеря веса",1
299,хомячок,"Грязное пахнет, Тупость, Грязный, Окрашенная шерсть, Хвост встряхивая",1
300,хомячок,"Овцы часто кусаются, Флис становится худым, Потеря шерсти, Смерть, Боли",1
301,хомячок,"Высокая температура, Тупость, Тупость, Кожная сыпь, Боли",1
302,хомячок,"Высокая температура, Трудность в дыхании, Втирать, Кашель, Чихание",1
303,хомячок,"Беспокойство, Пинать, Летаргия, Nible в их шерсти, Царапание",1
304,хомячок,"Желтуха, Потеря аппетита, Грубая шерсть, Кашель, Смерть",1
305,хомячок,"Высокая температура, Уменьшить репродуктивный потенциал, Агалактия, Потеря производства молока, Хвост",1
306,хомячок,"Пирексия, Оральное поражение, Припухлость, Хромота, Смерть",1
307,хомячок,"Красная кожа, Потеря аппетита, Влажный, Хромота, Боли",1
308,хомячок,"Хромающий, Изменение цвета кожи, Дряблый, Сырой, Чувствителен к прикосновению",1
309,хомячок,"Сильно увеличено, Кожа может сгуститься, Судорога, Edematous, Боли",1
310,хомячок,"Гиперксуальность, Мышечные спазмы, Десны, Смерть, Боли",1
311,хомячок,"Снижение века, Очень холодная кожа, Летаргия, Губа, Высокая температура",1
312,хомячок,"Высокая температура, Диарея, Мускус, Потеря веса, Смерть",1
313,хомячок,"Грязное пахнет, Диарея, Колики, Кровавые выписки, Кровавые сгустки",1
314,хомячок,"Неспособность переваривать, Диарея, Обезвоживание, Потеря веса, Анемия",1
315,хомячок,"Высокая температура, Диарея, Горшок живот, Смерть, Потеря аппетита",1
316,хомячок,"Истощение, Диарея, Кашель, Потеря веса, Смерть",1
317,хомячок,"Респираторный дистресс, Диарея, Смерть, Уменьшить молоко, Потеря веса",1
318,хомячок,"Lllthrift, Бутылка челюсть, Странное поведение, Анемия, Желтуха",1
319,хомячок,"Высокая температура, Хромота, Впустую, Слепота, Ошеломляющий",1
320,хомячок,"Высокая температура, Диарея, Явно неограничен, Потеря веса, Хороший аппетит",1
321,хомячок,"Высокая температура, Тупость, Нежелание ходить, Зараженные навицы, Боли",1
322,хомячок,"Нежность, Нога горячо, Паралич лица, Потеря веса, Боли",1
323,хомячок,"Высокая температура, Отсутствие координации, Больно прикоснуться, Кругим, Депрессия",1
324,хомячок,"Вздутый, Теплый, Запор, Депрессия, Кровавый",1
325,хомячок,"Высокая температура, Потеря аппетита, Спотыкается, Беспокойство, Боли",1
326,хомячок,"Нестационарная походка, Дергается, Слепота, Отек на суставах, Боли",1
327,хомячок,"Высокая температура, Язва, Spabs, Разряд из глаз, Боли",1
328,хомячок,"Запах аммиака, Язва, Депрессия, Припухлость, Боли",1
329,хомячок,"Высокая температура, Летаргия, Слепота, Неподходящее, Увеличился в дыхании",1
330,хомячок,"Блуждание, Кругим, Слепота, Нажатие на голову, Лежат",1
331,хомячок,"Тремор, Лежать на стороне, Сложность в глотании, Смерть, Не есть",1
332,хомячок,"Высокая температура, Трудность в дыхании, Кашель, Чихание, Припадки",1
333,хомячок,"Припухлость, Потеря аппетита, Потеря шерсти, Слезы, Смерть",1
334,хомячок,"Шерсть сгущается, Чувствует себя жестким, Ошеломляющий, Кожная сыпь, Боли",1
335,хомячок,"Покачиваясь, Изменение поведения, Тремор, Деревенские движения конечностей, Боли",1
336,хомячок,"Повреждение ячейки, Изменение поведения, Потеря веса, Прорит, Смерть",1
337,хомячок,"Припухлость, Дискомфорт, Сложность в районе, Смерть, Боли",1
338,хомячок,"Вздутый, Горячие суставы, Пустульсы, Сложность в прогулке, Боли",1
339,хомячок,"Формирование везикул, Ноздри, Ненормально длинная нога, Скабсы на губе, Боли",1
340,хомячок,"Аномалии скелет, Лицевые дефекты, Выпадение волос, Плоские ребра, Недоразвитые мышцы",1
341,хомячок,"Погода беспокойна, Ног, Нормальный аппетит, Попытка мочиться, Боли",1
342,хомячок,"Неспособность стоять, Боли ходить, Депрессия, Слабость, Жесткость",1
343,хомячок,"Высокая температура, Поддаться, Вялый, Анорексия, Боли",1
344,хомячок,"Вялый, Бутылка челюсть, Злоупотребление, Смерть, Недостаток кислорода",1
345,хомячок,"Высокая температура, Припухлость, Кровавый, Смерть, Анемия",1
346,хомячок,"Толстая кожа, Хрустящий, Чешуйчатая кожа, Поражение, Боли",1
347,хомячок,"Высокая температура, Аборт, Рвота, Потеря веса, Анорексия",1
348,хомячок,"Головокружение, Анемия, Рвота, Головная боль, Тошнота",1
349,хомячок,"Высокая температура, Потеря шерсти, Припухлость, Потеря веса, Боли",1
350,хомячок,"Слезное производство, Отвращение к свету, Голубоватая белая непрозрачность, Слепота, Боли",1
351,хомячок,"Высокая температура, Припухлость, Хромота, Нагревать, Боли",1
352,хомячок,"Изменение цвета кожи, Хрустящий, Чешуйчатая кожа, Раздражение, Волдырь",1
353,хомячок,"Быстрое начало, Жесткий, Мышцы дрожат, Слабость, Смерть",1
354,хомячок,"Встряхивая голова, Выписка от уха, Царапает ухо, Запах на ухо, Покраснение на ухе",1
355,хомячок,"Выброс из глаз, Покраснение глаз, Слепота, Царапины, Боли",1
356,хомячок,"Высокая температура, Потеря аппетита, Царапины, Смерть, Боли",1
357,хомячок,"Дискомфорт, Потеря аппетита, Кровавая диарея, Обильный, Боли",1
358,хомячок,"Припухлость, Гортань, Отек на челюсти, Охриплость, Набухание вены шеи",1
359,хомячок,"Воспаление, Дискомфорт, Пинать в живот, Инфекция мочи, Боли",1
360,хомячок,"Изоляция от стада, Кража, Гнездование поведения, Лапа у постельных принадлежностей, Боли",1
361,хомячок,"Вялый, Трудности в ходьбе, Шлифование зубов, Слепота, Атаксия",1
362,хомячок,"Голубоватая белая непрозрачность, Отвращение к свету, Слезоточивая продукция, Слепота, слабость",1
363,хомячок,"Голова бросает, Потеря шерсти, Быстрое дыхание, Кровоточащие раны, Проблема кожи",1
364,хомячок,"Кашель , задыхаясь, отек лица,, Производство слизи, Усталость",1
365,птица,"кашель, чихание, Овапки крылья, Скрученная шея, Овапки крылья",1
366,птица,"Одышка., Усталость, щебетать, потеря аппетита, опухший живот",1
367,хомячок,"Задыхаясь, кашель , легкая слабость, Овапки крылья, Скрученная шея",1
368,хомячок,"Чрезмерная кровопотеря, головокружение и обморок, Нечеткое зрение, водянистые глаза, медленный рост",1
369,птица,"Нос кровоточа , Травма, легкая слабость, Нос, Сухой воздух",1
370,птица,"Кровотечение из других частей тела, путаница, Носовая выделение, потеря бдительности, головокружение и обморок",1
371,хомячок,"Плохо дыхание, Лап на лице или нос, кашель , Чихание, Кровотечение из носа",1
372,птица,"вытягивая шею, Задыхаясь для воздуха, задыхаясь за дыхание, Сложность глотания, задыхаясь за дыхание",1
373,птица,"Сложность глотания, кашель , Сложность глотания, Задыхаясь для воздуха, вытягивая шею",1
374,хомячок,"кашель , Задыхаясь для воздуха, Потеря веса, задыхаясь за дыхание, вытягивая шею",1
375,хомячок,"слабость, Снижение производства стула, Расставленный желудок, тяжелое дыхание, беспокойное движение",1
376,птица,"Глаза покраснение, Частые глазные инфекции, Хрустящие ресницы и маты ресниц, грязные пахнущие табуреты,  Увеличение проходящего газа",1
377,птица,"Чрезмерное водопад, Глаза покраснение, слабость, Слизистые сбросы с глаз, Частые глазные инфекции",1
378,хомячок,"Внезапная смерть, потеря аппетита,  быстрое сердцебиение, пухлые перья, Отсутствие вокализации",1
379,птица,"Невозможно мочиться, Легкомысленность , погружение, ректальное кровотечение, опухший живот",1
380,птица,"Крайняя жажда, кровавые выписки, Потеря аппетита, неспособность летать, потеря настороженности",1
381,хомячок,"Производство яиц останавливается, Поведение задумчиво, потеря аппетита, Потеря веса, Запор",1
382,птица,"тошнота, рвота, потеря аппетита, переживание изменений в весе,  боль и вздутие живота",1
383,птица,"сжигание боли или боль, рвота, потеря аппетита, переживание изменений в весе,  боль и вздутие живота",1
384,хомячок,"Непрерывная потеря веса, Регургитация еды, хрипил, Чрезмерное потребление пищи, Непереваренные семена",1
385,хомячок,"потеря аппетита, летаргия, аборт, булькающий звук, Депрессия",1
386,хомячок,"высокая температура, мягкий колик, потеря хвостового тона, потеря аппетита, депрессия",1
387,хомячок,"наклон головы, летаргия, летаргия, моча дриблинг, неспособность подняться",1
388,хомячок,"высокая температура, потеря аппетита, дыхательный шум, Потеря веса, депрессия",1
389,хомячок,"высокая температура, носовая выделение, мышечная жесткость, опухшие лимфатические узлы, депрессия",1
390,хомячок,"потоотделение, мышечные спазмы, жажда, Потеря веса, трудности с движением и едой",1
391,птица,"потеря аппетита, высокая температура тела, Отсутствие аппетита, диарея, внезапная смерть",1
392,хомячок,"потоотделение, сухие или липкие десны, Уменьшенный аппетит, лежа, скучный Несс",1
393,хомячок,"Вытянутая шея, скучный Несс, непристойность, шумное дыхание, кашель",1
394,хомячок,"потеря веса, скучный Несс, непристойность, самоизоляция, лежат",1
395,хомячок,"потеря веса, скучный Несс, Проблема мышц, самоизоляция, лежат",1
396,хомячок,"Измененная походка, скучный Несс, Проблема мышц, Боль, Боли",1
397,хомячок,"Измененная походка, скучный Несс, рассеянный, Диагноз сложности, Анемия",1
398,хомячок,"Трудность в дыхании, Проблема набухания, кровотечение от ран, Частые зевы, анорексия",1
399,хомячок,"недоедание, Питье загрязненная вода, вялость, Ошеломляющий, анорексия",1
400,хомячок,"впустую, спотыкается, вялость, слюни, Опубликовывающие уши",1
401,хомячок,"впустую, спотыкается, вялость, слюни, Проблема мочеиспускания",1
402,хомячок,"впустую, спотыкается, вялость, слюни, Проблема мочеиспускания",1
403,хомячок,"впустую, спотыкается, вялость, слюни, Проблема мочеиспускания",1
404,хомячок,"впустую, спотыкается, вялость, слюни, Проблема мочеиспускания",1
405,хомячок,"впустую, спотыкается, вялость, слюни, Проблема мочеиспускания",1
406,хомячок,"впустую, спотыкается, вялость, слюни, Проблема мочеиспускания",1
407,хомячок,"впустую, спотыкается, вялость, слюни, Опубликовывающие уши",1
408,хомячок,"впустую, спотыкается, вялость, слюни, Опубликовывающие уши",1
409,хомячок,"впустую, спотыкается, Высокая температура, слюни, Опубликовывающие уши",1
410,кот,"кошачьи инфекции, Лимфосаркома, трудности дыхание, стоматит, анемия",1
411,хомячок,"внезапная смерть, высокая температура, трудности дыхание, Потеря веса, дрожь",1
412,хомячок,"внезапная смерть, высокая температура, трудности дыхание, Анемия, дрожь",1
413,хомячок,"внезапная смерть, высокая температура, трудности дыхание, Ошеломляющий, дрожь",1
414,хомячок,"внезапная смерть, высокая температура, быстрый пульс и частота сердечных сокращений, Депрессия, дрожь",1
415,хомячок,"высокая температура, потеря аппетита, быстрый пульс и частота сердечных сокращений, хромота в пораженной ноге, депрессия",1
416,хомячок,"высокая температура, потеря аппетита, быстрый пульс и частота сердечных сокращений, хромота в пораженной ноге, депрессия",1
417,хомячок,"высокая температура, потеря аппетита, быстрый пульс и частота сердечных сокращений, хромота в пораженной ноге, депрессия",1
418,хомячок,"высокая температура, потеря аппетита, опухшие соски, хромота в пораженной ноге, депрессия",1
419,хомячок,"припухлость, носовая выделение, слюни, усталость, высокая температура",1
420,хомячок,"сбросы глаз, носовая выделение, изменить их нормальное поведение, высокая температура тела, хромота",1
421,собака,"Перестань есть, Перестань пить, изменить их нормальное поведение, Хромота, Боли",1
422,собака,"Перестань есть, Перестань пить, изменить их нормальное поведение, Потеря веса, Боли",1
423,собака,"Перестань есть, Перестань пить, изменить их нормальное поведение, Депрессия, Боли",1
424,собака,"Перестань есть, Перестань пить, изменить их нормальное поведение, диарея, Боли",1
425,птица,"Высокая температура, Сложность глотания, Чрезмерный слюни, Ошеломляющий, Припадки",1
426,птица,"Высокая температура, Диарея, Рвота, Потеря веса, Обезвоживание",1
427,птица,"Высокая температура, Диарея, Кашель, Усталость, Боли",1
428,птица,"Высокая температура, Диарея, Кашель, Рвота, Анорексия",1
429,птица,"Высокая температура, Трудности дыхание, Кашель, Летаргия, Чихание",1
430,птица,"Высокая температура, Диарея, Кашель, Летаргия, Синий глаз",1
431,птица,"Высокая температура, Респираторный дистресс, Припадки, Гиперестезия, Внезапная смерть",1
432,птица,"Язвы, Диарея, Плохой аппетит, Тарри -стул, Увеличенные лимфатические узлы",1
433,птица,"Отек лица, Кровавый слюни, Неловкий дыхание, Невозможно поесть, Утраченные зубы",1
434,птица,"Высокая температура, Трудности дыхание, Жажда и мочеиспускание, Потеря веса, Увеличенные лимфатические узлы или отек",1
435,птица,"Отек на ноге, Болезненный, Носовая выделение, Сломанные кости, Носовая выделение",1
436,птица,"Краткосрочная летаргия, Потеря аппетита, Слабость в задних ногах, Быстрая частота сердечных сокращений, Недельный пульс",1
437,птица,"Опухшие лимфатические узлы, Трудность ходьбы, Боль в спине, Летаргия, Вагинальный разряд",1
438,птица,"Высокая температура, Диарея, Боль в животе, Жесткость, Сильная слабость и депрессия",1
439,птица,"Высокая температура, Потеря аппетита, Уменьшить энергию, Хромота, Обухание суставов",1
440,птица,"Высокая температура, Хроническое воспаление глаз, Плохой аппетит, Летаргия, Неврологические отклонения",1
441,птица,"Высокая температура, Отек лица или ноги, Плохой аппетит, Депрессия, Боли",1
442,птица,"Диарея с слизью, Тенсмус, Водянистый стул, Метеоризм, Боли",1
443,птица,"Сильный кашель, Насморк, Чихание, Летаргия, Потеря аппетита",1
444,птица,"Высокая температура, Воспаленный глаз, Кашель, Депрессия, Хромающий",1
445,птица,"Высокая температура, Трудности дыхание, Кашель, Изменение глаз и кожи, Невозможно заниматься спортом",1
446,птица,"Высокая температура, Потеря аппетита, Кашель, Летаргия, Боль в суставах",1
447,птица,"Поражения в носовой полости, Поражения на носу, Нос кровотечение, Шумное дыхание, Поражения на носу",1
448,птица,"Выпадение волос, Перхоть, Затемненная кожа, Кора кожи, Изъязвленная кожа",1
449,птица,"Зеленовато-желтый носовой разряд, Отсутствие пигментации, Чихание, Летаргия, Боль на лице",1
450,птица,"Высокая температура, Диарея, Плохой аппетит, Потеря веса, Рвота",1
451,птица,"Желтуха, Пневмония , Поражение на коже, боль, Рвота",1
452,птица,"Плохое появление пальто, Диарея, Рвота, Потеря веса, Обезвоживание",1
453,птица,"Полив, Нет приложения, Рвота, Летаргия, Обезвоживание",1
454,птица,"Напряжение, Диарея, Рвота, Потеря веса, Слепота",1
455,птица,"Расстроен желудок, Диарея, Рвота, Мышечная боль, Мышечная жесткость",1
456,птица,"Расстроен желудок, Диарея, Кашель, Потеря веса, Анемия",1
457,птица,"Аллергическая реакция, Плохой аппетит, Кашель, Потеря веса, Расставленный грудь",1
458,птица,"Высокая температура, Анорексия, Потеря веса, Летаргия, Боль",1
459,птица,"Хромающий, Не бегите, чтобы прыгнуть, Припухлость, Недельные ноги, Боль на ноге",1
460,птица,"Высокая температура, Язва глаз, Скопление, Депрессия, Розовый глаз",1
461,птица,"Пневмония, Потеря аппетита, Сброс глаз, Хромота, Артрит",1
462,птица,"Высокая температура, Припадки, Гидрофобия, Челюсть сброшена, Застенчивость или агрессия",1
463,птица,"Кровавая моча, Трудности дыхание, Рвота, Потеря веса, Анорексия",1
464,птица,"Потеря еды, Трудность в дыхании, Припухлость, Хромота, Неврологические отклонения",1
465,птица,"Темное или черное лицо, Диарея, Рвота, Кровь на лицах, Боль",1
466,птица,"Желтуха, Трудность в дыхании, Припадки, Летаргия, Бледные десны",1
467,птица,"Аппетит варьируется, Диарея, Рвота, Потеря веса, Боль",1
468,птица,"Потеря еды, Нездорово, Летаргия, Потеря веса, Проблема кожи",1
469,птица,"Болезнь, Потеря аппетита, Рвота, Потеря веса, Повышенный рост или удар",1
470,птица,"Носовое кровотечение, Трудность жевания, Припухлость, Потеря веса, Анорексия",1
471,птица,"Язвы, Поражения, Spabs, Комочки, Шишки (черный, серый или красный)",1
472,птица,"Газ, Потеря аппетита, Кровь в табуретке, Рычание желудка, Черный табурет",1
473,птица,"Дрожащая голова, Царапает ухо, Черный на ухо, Плохой запах, Красное и воспалительное ухо",1
474,птица,"Атаки, Потеря аппетита, Кашель, Потеря веса, Периодическая рвота",1
475,хомячок,"Кровавый табурет, Диарея, Кашель, Потеря веса, Анемия",1
476,хомячок,"Носовая выделение, Носовые кровотечения, воспаленные ноздри, Чихание, Громкое дыхание",1
477,хомячок,"Полиурия, Потеря аппетита, Рвота, Потеря веса, Полидипсия",1
478,хомячок,"Чрезмерное мочеиспускание, Изменение в походке, Рвота, Потеря веса, Неспособность прыгать",1
479,хомячок,"Судорога, Потеря сознания, жевание, Дергается, Слюноотделение",1
480,хомячок,"Хрипил, Быстрое дыхание, Кашель, Глотание, Усилие дышать",1
481,хомячок,"Желтуха, НЕКОТОРЫ, Летаргия, Потеря веса, Анорексия",1
482,хомячок,"Повреждение на коже кошки, Перхоть в кошачьем пальто, Красные пятна, Выпадение волос, Проблема кожи",1
483,хомячок,"Летаргия, Диарея, Рвота, Разряд из глаз, Анорексия",1
484,хомячок,"Раздражение кожи, Царапание, Летаргия, Выпадение волос, Чрезмерный уход",1
485,хомячок,"Мышцы Floopy, Задержка речи, Интеллектуальная инвалидность, Проблема ходьбы, Движения глаз",1
486,хомячок,"Чувствительность к яркому свету, Выписка от пораженного глаза, Воспаление, Облаженная роговица, Потирая глаза",1
487,хомячок,"Высокая температура, Диарея, Рвота, Судороги, Обезвоживание",1
488,хомячок,"Нежность, Эритема, Припухлость, Царапать, Боль",1
489,хомячок,"Высокая температура, Диарея, Рвота, Слюноотделение, Уменьшить аппетит",1
490,хомячок,"Чешуйчатые пятна кожи, Больной, Spabs, Царапать, Выпадение волос",1
491,хомячок,"Жирный стул, Диарея, Рвота, Потеря веса, Боль",1
492,хомячок,"Тошнота, Потеря аппетита, Рвота, Твердый, Расставленный желудок",1
493,хомячок,"Высокая температура, Отек в зоне укуса, Летаргия, Хромать, Боль",1
494,хомячок,"Высокая температура, Потеря аппетита, Проблема с глазами, Болезнь печени, Неврологический",1
495,хомячок,"Высокая температура, Мягкое чихание, Кашель, Носовой, Глазное выделение",1
496,хомячок,"Чаще всего нет, Чихание, Носовая выделение, Одышка, Боль",1
497,хомячок,"Высокая температура, Диарея, Рвота, Кровь из уст, Шок",1
498,хомячок,"Дискомфорт, Диарея, Сухое или тусклые волосы, Измельчение зубов, Боль",1
499,хомячок,"Потеря аппетита, Припухлость, Носовая выделение, Слепота, Летаргия",1
500,хомячок,"Ринит, Пневмония , абсцесса, Кривошея, Сепсис",1
501,хомячок,"Высокая температура, Диарея, Энтерит, Потеря веса, Желудочные судороги",1
502,хомячок,"Немедленная смерть, Трудность в дыхании, Голубая окрашенная губа, Кровавые выписки, Неврологические отклонения",1
503,хомячок,"Высокая температура, Поражение оспы на коже, Кожная сыпь, Носовая выделение, Смертность варьируется",1
504,хомячок,"Красный на пострадавшем районе, Возбужденный рост, Бородный рост, Красная кожа, Поражения на ухе",1
505,хомячок,"Высокая температура, Озноб, Язва кожи, Истощение, Опухший и болезненный",1
506,хомячок,"Поливная диарея, Депрессия, Истощение, Рюшат, Летаргия",1
507,хомячок,"потеря веса, истощение, потеря аппетита, Слабость, диарея",1
508,хомячок,"потеря аппетита, диарея, опухший фиолетовый плетение, Опухший расческа, Хромота",1
509,хомячок,"потеря аппетита, диарея, рюшат перья, Потеря веса, Неспособность поглощать питательные вещества",1
510,хомячок,"Производство яиц уменьшается, Задержка роста, Слепота, Отличительные удары, Отек лица",1
511,хомячок,"потеря аппетита, жажда, рюшат перья, Закрытые глаза, Диарея",1
512,хомячок,"Высокая температура, ослабленные ноги, LOS способности ходить, Молочные железы, Заполненные жидкостью волдыри",1
513,хомячок,"Высокая температура, ослабленные ноги, LOS способности ходить, Потеря веса, Хромота",1
514,хомячок,"аборт в конце беременности, Усталость, слабые телята, Присоединяйтесь к болам, Отек внутренних органов",1
515,хомячок,"вздутый, красный цвет, Горячий вымен, Молоко выходит более водянистого, Молоко выходит более толстое",1
516,хомячок,"Высокая температура, Бедствие, Дрожь, Ошеломляющий, Судорога",1
517,хомячок,"Высокая температура, Животное становится хромым, Простата, Болезненное глотание, Хромота",1
518,хомячок,"Высокая температура, Трудность в дыхании, Дриблинг слюны, Неспособность кормления глобального, Влажный и болезненный",1
519,хомячок,"Жидкие фекалии на крови и мышцах, Внезапная смерть, Кровавая жидкость, Красная диарея, Феканист",1
520,хомячок,"Высокая температура, Пневмония , Стоять с падением головы, Потеря веса, Ненормальное поведение",1
521,хомячок,"Высокая температура, Слегка опухший, Поражение на коже, Млечный жесткий, Папулы появляются на сосках и вымене",1
522,хомячок,"Высокая температура, Тупой, Задних квартала почва, Живота остановка корма, Снижение производства молока",1
523,хомячок,"Серьезный, Диарея, Кровь на лицах, Аппетит, Молоко уменьшается",1
524,хомячок,"Высокая температура, Депрессия, Нежелание двигаться, Слюноотделение, Носовая выделение",1
525,хомячок,"Нормальный аппетит, Диарея, Набухание может возникнуть под челюстью, Потеря веса, Падение производства молока",1
526,хомячок,"Отек на ноге, Нагревать, Твердость, Покраснение, Боль",1
527,хомячок,"Неспособность стоять, Диарея, Бутылка челюсть, Горшок живот, Сухой шерсть",1
528,хомячок,"Возбудимость, Нервозность, потеря аппетита, Гиперчувствительность, Слабость",1
529,хомячок,"Высокая температура, Депрессия, Атака, Укусить других животных, Боль",1
530,хомячок,"Высокая температура, Трудность в дыхании, Кашель, Болезненный, Глаз стал скучным",1
531,хомячок,"Высокая температура, Язва на жевательной резине, Красный глаз, Желтоватый разряд, Кровавая диарея",1
532,хомячок,"Высокая температура, Диарея, Кашель, Консистенция молока, Боль",1
533,хомячок,"Животное становится неловким, Трудность в дыхании, Трудно в дыхании, Чрезмерное производство, Штамповка и ход задних глаз",1
534,хомячок,"Высокая температура, Озноб, Тяжелый колик, Слабость, Анорексия",1
535,хомячок,"Высокая температура, Жесткость тела, Летаргия, Тяжелое воспаление, Боль",1
536,хомячок,"Болезнь, Диарея, Потеря веса, Тошнота, Обезвоживание",1
537,хомячок,"Внезапная смерть, Проблема ходить, Паралич, Депрессия, Судорога",1
538,хомячок,"Высокая температура, Аборт, Почечная недостаточность, Воспаление глаз, Глаза покраснение",1
539,хомячок,"Маленькие красные удары, Пневмония , Септический артрит, Кожная инфекция, Боль",1
540,хомячок,"Высокая температура, Атаксия, Агрессивность, Депрессия, Неясная хромота",1
541,птица,"Повреждение в форме кольца, Круглые пятна, Сухая кожа, Размер поражений варьируется, Боль",1
542,птица,"Высокая температура, Диарея, потеря аппетита, Колики, Слабость",1
543,птица,"Высокая температура, Депрессия, потеря аппетита, Спотыкается, Атаксия",1
544,птица,"Пузыри во рту, Хрипил, потеря аппетита, Летаргия, Носовая выделение",1
545,птица,"Изменения кожи наружного слоя, Отек глаз, потеря аппетита, Летаргия, Респираторная инфекция",1
546,птица,"Красный оттенок, Погрузиться в раковину, Плохой запах, Легко повредить оболочку, Отслаивание закусов",1
547,птица,"Прохождение непереваренной еды, Диарея, Рвота, Газ или вздутие живота, Обезвоживание",1
548,птица,"Запах, Диарея, потеря аппетита, Избыточный сон, Сложенные уши",1
549,птица,"Потеря активности, Грубое пальто, потеря аппетита, Потеря веса, В конце концов смерть",1
550,птица,"Высокая температура, Диарея, Рвота, Обезвоживание, Боль",1
551,птица,"Лысые пятна, Выпадение волос, Хрустящий, Флот, Красное поражение от лысиных пятен",1
552,птица,"Плохое состояние, Увеличенные лимфатические узлы, Диарея, Потеря веса, Боль",1
553,птица,"Высокая температура, Озноб, Кашель, Прогрессивная слабость, Боль в суставах",1
554,птица,"Тяжелая инфекция, Диарея, Дефицит витамина и минералов, Потеря веса, Боль",1
555,птица,"Высокая температура, Диарея, Мышечная слабость, Мышечная боль, Абдонормальный дискомфорт",1
556,птица,"Высокая температура, Озноб, Головная боль, Тошнота, Боль",1
557,птица,"Толстая кожа, Истончение волос, Выпадение волос, Scabbing, Зуд",1
558,птица,"Отек лица, Потеря слуха, Рвота, Головная боль, Боль в горле и ушах",1
559,птица,"Генеральная недомогание, Печеночная неудача, Рвота, Потеря веса, Абдонормальная боль",1
560,птица,"Расстроен желудок, Потеря аппетита, Топ, Потеря веса, Абдонормальная боль",1
561,птица,"Высокая температура, Потеря мышц, Боль скелет, Потеря веса, Впустую",1
562,птица,"Отек, Отек лица или ноги, Отек шеи, Потеря веса, Боль",1
563,птица,"Плохой рост, Короткий рост, Увеличение костей, Хромота, Весовой",1
564,птица,"Высокая температура, Озноб, Пот, Головная боль, Фатик",1
565,птица,"Высокая температура, Потеря аппетита, Слабость, Потеря веса, Рвота",1
566,птица,"Тупость, Лэктримация, Кашель, Диарея, Припадки",1
567,птица,"Рвота, Кровавая диарея, Летаргия, Обезвоживание, Анорексия",1
568,птица,"Высокая температура, Нехарактерное укрытие, Депрессия, Обезвоживание, Остановился поесть",1
569,птица,"Высокая температура, Плохое состояние пальто, Инфекция кожи, Потеря веса, Фатик",1
570,птица,"Слабость, Жесткость, Дрожь, Белая отметка на мышцах, Потеря витамина Е",1
571,птица,"Частичный паралич, Ошеломляющий как пьяный, Самоарапевность, Актерский агрессивный, Действие неестественно ручной",1
572,птица,"Высокая температура, Усталость, Головная боль, Кожная сыпь, Боль",1
573,птица,"Толстая корка, Зуд, Выпадение волос, Водянистый глаз, Боль",1
574,птица,"Постоянный темп, Подергивание мышц лица, аномалии, Слепота, Мышечная боль",1
575,птица,"Потеря аппетита, Хрипил, Припадки, Кожная сыпь, Фатик",1
576,птица,"Расстройство желудка, Боль в животе, Запор, Диарея, Тошнота",1
577,птица,"Кровь в моче, Диарея, Рвота, Летаргия, Кровотечение в глазах и коже",1
578,птица,"Высокая температура, Недомогание, Слабость, Потеря веса, Боль",1
579,птица,"Высокая температура, Диарея, Рвота, Желудочные судороги, Тошнота",1
580,птица,"Высокая температура, Отсутствие координации, Депрессия, Слюноотделение, Паралич лица",1
581,птица,"Язвы на губе, Инфекция, Язвы на гонях и сосках, Поражение, Боль",1
582,птица,"Аборт при поздней беременности, Мертворождение, Оставленная плацента, Эндометрит, Уменьшить аппетит",1
583,птица,"парез, паралич, Слабость, Желудочные судороги, Диарея",1
584,птица,"Высокая температура, Диарея, Припухлость, Потеря веса, Боль",1
585,птица,"Высокая температура, Гемолитическая анемия, Гемоглобинурия, легочный застой, Желтуха",1
586,птица,"Аборт, Мумификация, Мертворождение, Слабые дети, Боль",1
587,птица,"Насморк, Трудность в дыхании, Кашель, Слабость, Потеря аппетита",1
588,птица,"Высокая температура, Носовая выделение, Респираторный дистресс, Поражение оспы, Боль",1
589,птица,"Высокая температура, Темный цвет кровавый, Нарушение, Трудность в дыхании, Терминальная судорога",1
590,птица,"Высокая температура, Дизентерия, Припухлость, Немедленная смерть, Боль",1
591,птица,"Высокая температура, Респираторный дистресс, Слизистый разряд, Уменьшить корм, Увеличение веса",1
592,птица,"Снижение молока, Удерживая конечности, Потеря веса, Хромота, Производство шерсти",1
593,птица,"Обухание выменения, Изменение в молоке, Вздутый, Нежный, чтобы прикоснуться, Боль",1
594,птица,"Высокая температура, Респираторный дистресс, Глазное выделение, Поражение рта, Носовая выделение",1
595,птица,"Высокая температура, Поражение раны, Избыток слюны, Трудно в ходьбе, Боль",1
596,птица,"Истощение, Отек в нижней челюсти, Кашель, Дрожь, Анемия",1
597,хомячок,"Высокая температура, Уменьшить рост, Детская смертность, Слабость, Тупость",1
598,хомячок,"Высокая температура, Уменьшить рост, Отек в нижней челюсти, Потеря веса, Анемия",1
599,хомячок,"Истощение, Диарея, Детская смертность, Слабость, Анемия",1
600,хомячок,"Аллергия на кожи, Уменьшить рост, Ранить, Головная боль, Головокружение",1
601,хомячок,"Полив глаз, Покраснение белого глаза, Отек века, Роговица становится облачной, Слезное производство",1
602,хомячок,"Бербери, Впустую, Нервный, Потеря веса, Анорексия",1
603,хомячок,"Гастрит, заболеваемость, Кровавый, Смертность, Анемия",1
604,хомячок,"Высокая температура, Сильная головная боль, Рвота, Кашель, Фатик",1
605,хомячок,"Высокая температура, Усталость, Опухшая почка, Гематурия, Мышечные боли",1
606,хомячок,"Высокая температура, Диарея, Снижение аппетита, Рвота, Кровавый",1
607,хомячок,"Газ, Диарея, Брюшная дискомфорт, Рвота, Тошнота",1
608,хомячок,"Опубликовывающие уши, Отсутствие координации, Слюни, Впустую, Вялость",1
609,хомячок,"Отек, диарея, Носовая выделение, Снижение производства яиц, Чихание",1
610,хомячок,"Опубликовывающие крылья, Депрессия, Носовая выделение, Кашель, Зеленоватая диарея",0
611,хомячок,"Слабость, Желтый или зеленый падение, Пурпурные расчески, Wattles, Падать на производство яиц",0
612,хомячок,"Паралич шеи, Диарея, рюшат перья, Затрудненное дыхание, Слабость",0
613,хомячок,"Отек лица, Лэктримация, Диарея, Анорексия, Носовая выделение",0
614,хомячок,"потеря аппетита, Депрессия, Парализованная нога, Потеря веса, Анемия",0
615,хомячок,"Уныние, Потеря аппетита, Медленный рост, Диарея, Поражение",0
616,хомячок,"Тяжелый отек, Тяжелое дыхание, Диарея, Потеря веса, Боль",0
617,хомячок,"Слабость, Диарея, Высокая смертность, Обезвоживание, Анорексия",0
618,хомячок,"Высокая температура, Гепатит, Кожная сыпь, Потеря веса, Боль",0
619,хомячок,"Чихание, Эпистаксис, Кашель, Трудность в дыхании, Носовая выделение",0
620,хомячок,"Чихание, Односторонний носовый выписка, Заталкивать, Ретч, Потеря веса",1
621,хомячок,"Высокая температура, Депрессия, Кашель, Потеря веса, Анорексия",1
622,хомячок,"Мелкое дыхание, Галитоз, Кашель, Летаргия, Носовая выделение",1
623,хомячок,"Одышка, Чихание, Кашель, Трудность в дыхании, Инфекция",1
624,хомячок,"Одышка, Чихание, Кашель, Трудность в дыхании, Боль",1
625,хомячок,"Высокая температура, Ринорея, Кашель, Чихание, Обезвоживание",1
626,хомячок,"Высокая температура, Ринорея, Кашель, Отек лица, Одышка",1
627,хомячок,"Высокая температура, Ринорея, Кашель, Чихание, Носовая выделение",1
628,хомячок,"Смертность, Болезненный, Кашель, Потеря веса, Носовая выделение",1
629,хомячок,"Кожная сыпь, Диарея, Смерть, Отек лица, Боль",1
630,хомячок,"Высокая температура, Одышка, Кашель, Летаргия, Потеря веса",1
631,хомячок,"Высокая температура, Одышка, Кашель, слабость, Анорексия",1
632,хомячок,"Отек лица, Одышка, Конъюнктивит, Слабость, Фарингит",1
633,хомячок,"Высокая температура, Пневмония , Скопление, Летаргия, Носовая выделение",1
634,хомячок,"Высокая температура, Смерть, Кашель, Потеря веса, Носовая выделение",1
635,хомячок,"Чихание, Судорога, Припадки, Потеря веса, Носовая выделение",1
636,хомячок,"Высокая температура, Смерть, Кашель, Одышка, Анорексия",1
637,хомячок,"Одышка, Трудность в дыхании, Кашель, Летаргия, Носовая выделение",1
638,хомячок,"Воздушный саккулит, Галитоз, Кашель, Энтерит, Потеря веса",1
639,хомячок,"Высокая температура, Судорога, Внезапная смерть, Удержание мочи, Потеря веса",1
640,хомячок,"Одышка, Неврологический знак, Кашель, Депрессия, Анорексия",1
641,хомячок,"Высокая температура, Одышка, Кашель, Летаргия, Анорексия",1
642,хомячок,"Затрудненное дыхание, Одышка, Кашель, Депрессия, Анорексия",1
643,хомячок,"Кровь из уст, Диарея, Кашель, Летаргия, Потеря веса",1
644,хомячок,"Кровоофхема, Диарея, Бессимптомный, Смерть, Эпистаксис",1
645,хомячок,"Беспокойство, Слабость, Синяя соломка, Смерть, Боль",1
646,хомячок,"Разряженные, Меньше роста перьев, Рюшат перья, Дефицит витамина, Диарея",1
647,хомячок,"Апатия, Депрессия, Дилатация двенадцатиперстной кишки, Клоакальное вставка, Скопление",1
648,хомячок,"Гепатомегалия, Спленомегалия, Рвота, Вздутый, Стремление головы",1
649,хомячок,"Проблема с балансом, Брюшная растяжение, Паралич шеи, Потеря веса, Боли",1
650,хомячок,"Нога, Парез, Кашель, Потеря веса, Одышка",1
651,хомячок,"Высокая температура, Кислое горло, Смертность, Мышечные боли, Аномалии",1
652,хомячок,"Сложность в кормлении, Притягивать, Слабость, Избыточный рост клюва, Анемия",1
653,хомячок,"Высокая температура, Потеря аппетита, Ушная инфекция, Депрессия, Носовая выделение",1
654,хомячок,"Краткий глаз, Кривошея, Слабость, Припухлость, Истощение",1
655,хомячок,"Неподходящее, Диарея, Толчок головы, Обезвоживание, Потеря веса",1
656,хомячок,"Отсутствие ходьбы, Отсутствие полета, Шероховатый, Обезвоживание, Боли",1
657,хомячок,"Кожная сыпь, Маленькие и желтые удары, Припухлость, Сухие струпки, Хромота",1
658,хомячок,"Скабсы на ногах, Покраснение, Трахея, Утолщение кожи, Боли",1
659,хомячок,"Увеличенный тимус, Затрудненные легкие, Летаргия, Кожная сыпь, Потеря веса",1
660,хомячок,"Пухлое перо, Потеря аппетита, Кашель, Рвота, Храп",1
661,хомячок,"Высокая температура, Трудность в дыхании, Желтый глаз, Чихание, Дифтериктический",1
662,хомячок,"Тяжелое дыхание, Желтый в клюве, Tail_bobbing, Слабость, Спать чрезмерно",1
663,хомячок,"Пухлый перо, Меньше еды, Головная боль, Полузакрытый глаз, Припадки",1
664,хомячок,"Высокая температура, Диарея, Опухший живот, Рвота, Трудность в дыхании",1
665,хомячок,"Хвост виляет, Напряжение, Летаргия, Слабость, Диарея",1
666,хомячок,"Избыточный вес, Потеря аппетита, Рюшат перья, Депрессия, Диарея",1
667,хомячок,"Уныние, Потеря аппетита, Стресс, Кашель, Боли",1
668,хомячок,"Кожная инфекция, Вторичная инфекция, Кашель, Депрессия, Стремление головы",1
669,хомячок,"Выброс из глаз, Летаргия, Кашель, Чихание, Фатик",1
670,хомячок,"Высокая температура, Озноб, Отсталый рост, Боль в груди, Боль в груди",1
671,хомячок,"Бледный расчет, Хромой, Смерть, Отек сустава, Глаз закрыт",1
672,хомячок,"Летаргия, Потеря аппетита, Сложность в глотании, Слабость, Проблема зрения",1
673,хомячок,"Истощение, Трудность в дыхании, Рвота, Слабость, Диарея",1
674,хомячок,"Жидкость падает, Истощение, Атаксия, Летаргия, Припадки",1
675,хомячок,"Непереваренные в их кале, Потеря аппетита, Потеря пигмента, Слабость, Кровавый в перьев",1
676,хомячок,"Острые перо, Забитое перо, Сброс глаз, Потеря порошка вниз, Диарея",1
677,хомячок,"Рюшат, Потеря аппетита, Рвота, Зеленый падение, Носовая выделение",1
678,хомячок,"Пазухи, Опухшие веки, Кожная сыпь, Чихание, Средства",1
679,хомячок,"Потеря перья, Пехой склад, Кашель, Зуд, Носовая выделение",1
680,хомячок,"Водянистые глаза, Глаз закрыт, Потеря веса, Чихание, Нервная проблема",1
681,хомячок,"Костное поражение, Кожная сыпь, Атаксия, Анорексия, Слабость",1
682,хомячок,"Тремор головы и шеи, Слепота, Пинать в живот, Упражнения в терпимости, Боли",1
683,хомячок,"Опухший живот, Тупость, Увольнять, Мочеиспускание, Лежа",1
684,хомячок,"Высокая температура, Тупость, Депрессия, Потеря веса, Анорексия",1
685,хомячок,"Высокая температура, Поддаться, Распространение инфекции, Потеря веса, Анорексия",1
686,хомячок,"Знаки в Рамсе, Знаки в овце, Недоразвитые мышцы, Экзамен спермы, Уменьшить маркировку лампы",1
687,хомячок,"Шипы, Необычно тонкий, Слабость, Увеличенные черепа, Слабость",1
688,хомячок,"Увольнять, Внезапный аборт, Гемоглобинурия, Смерть ягненка, Потеря веса",1
689,хомячок,"Высокая температура, Гемолитическая анемия, Пот, скопление, Желтуха",1
690,хомячок,"Высокая температура, Усталость, потеря аппетита, Мышечные боли, Боль в груди",1
691,хомячок,"Избыточное слюноотделение, Диарея, Депрессия, Носовая выделение, Слабость",1
692,хомячок,"Высокая температура, Диарея, Нарушение, Аборт, Отравление крови",1
693,хомячок,"Высокая температура, Впустую, Обезвоживание, Девственность, Слабость",1
694,хомячок,"Высокая температура, Диарея, Мышечная подергивание, Хромота, Потеря веса",1
695,хомячок,"Зубы шлифование, Апатия, Обезвоживание, Румана, Водянистые фекалии",0
696,хомячок,"Высокая температура, Депрессия, Лежа, Слабый пульс, Колики",1
697,хомячок,"Припухлость, Хромота, Гиперээзтерия, Шарнир, Потеря веса",1
698,хомячок,"Наклон головы, Кругим, Мышцы болится, Слепота, Припадки",1
699,хомячок,"Снижение роста кости, Депрессия, Ворчание, Хромота, Потеря веса",1
700,хомячок,"Опухший влево живот, Лежа, Ошеломляющий, Мочеиспускание, Расширение шеи",1
701,хомячок,"Прекращение эрекции, Трудность в дыхании, Депрессия, Анорексия, Колики",1
702,хомячок,"Высокая температура, Избыток слюна, Ненормальная конформация, Изъязвленная мышца, Язвенный ухо",1
703,хомячок,"Бесплодные овцы, Аборт, Плохая конформация, Волосатые ручки, Потеря веса",1
704,хомячок,"Тремор, Жизнеспособность, Кашель, Анорексия, Потеря веса",1
705,хомячок,"Высокая температура, Тахипноя, Отек головы и шеи, Анорексия, Носовая выделение",1
706,хомячок,"Lllthrift, Повреждение кожи, Хромота, Отек на теле, Потеря веса",1
707,хомячок,"Припухлость, Нагревать, Фланг, Боль, Носовая выделение",1
708,хомячок,"Высокая температура, Потеря аппетита, Хромота, Навес, Потеря веса",1
709,хомячок,"Высокая температура, Припухлость, потеря аппетита, Анорексия, Потеря веса",1
710,хомячок,"Высокая температура, Диарея, Кровавый падение, Брюшная дискомфорт, Летаргия",1
711,хомячок,"Высокая температура, Депрессия, Тонкая кишка, Смерть, Смертность стада",1
712,хомячок,"кровотечение, Соломенная, Боль в животе, Смерть, Камни разлагается",1
713,хомячок,"Кровавая диарея, Депрессия, Тупость, Смерть, Слабость",1
714,хомячок,"Неохотный ход, Потеря аппетита, Хромота, Смерть, Слабость",1
715,хомячок,"Высокая температура, Депрессия, потеря аппетита, Потеря аппетита, Боли",1
716,хомячок,"Высокая температура, Трудность в дыхании, Летаргия, Смерть, Боли",1
717,хомячок,"Бедная шерсть, Потеря аппетита, Хромота, Небольшой размер, Плохое состояние тела",1
718,хомячок,"Плохая иммунная функция, Ахомотрика, Обезвоживание, Смерть, Боли",1
719,хомячок,"Боль в животе, Диарея, Злоупотребление, Шок, Анорексия",1
720,хомячок,"Фетопельвич диспропорция, Матка инерция, Депрессия, Смерть, Боли",1
721,хомячок,"Водянистая диарея, Больной, Язва роговицы, Потеря аппетита, Смерть",1
722,хомячок,"Тяжелый кератит, Конъюнктивное, Увольнять, Выпадение радужной оболочки, Потеря глаз",1
723,хомячок,"Вздутый, Яичка боли, Зуд, Кровавые выписки, Нежность",1
724,хомячок,"Высокая температура, Диарея, Депрессия, Царапины, Потеря веса",1
725,хомячок,"Грязное пахнет, Тупость, Грязный, Окрашенная шерсть, Хвост встряхивая",1
726,хомячок,"Овцы часто кусаются, Флис становится худым, Потеря шерсти, Смерть, Боли",1
727,хомячок,"Высокая температура, Тупость, Тупость, Кожная сыпь, Боли",1
728,хомячок,"Высокая температура, Трудность в дыхании, Втирать, Кашель, Чихание",1
729,хомячок,"Беспокойство, Пинать, Летаргия, Nible в их шерсти, Царапание",1
730,хомячок,"Желтуха, Потеря аппетита, Грубая шерсть, Кашель, Смерть",1
731,хомячок,"Высокая температура, Уменьшить репродуктивный потенциал, Агалактия, Потеря производства молока, Хвост",1
732,хомячок,"Пирексия, Оральное поражение, Припухлость, Хромота, Смерть",1
733,хомячок,"Красная кожа, Потеря аппетита, Влажный, Хромота, Боли",1
734,хомячок,"Хромающий, Изменение цвета кожи, Дряблый, Сырой, Чувствителен к прикосновению",1
735,хомячок,"Сильно увеличено, Кожа может сгуститься, Судорога, Edematous, Боли",1
736,хомячок,"Гиперксуальность, Мышечные спазмы, Десны, Смерть, Боли",1
737,хомячок,"Снижение века, Очень холодная кожа, Летаргия, Губа, Высокая температура",1
738,хомячок,"Высокая температура, Диарея, Мускус, Потеря веса, Смерть",1
739,хомячок,"Грязное пахнет, Диарея, Колики, Кровавые выписки, Кровавые сгустки",1
740,хомячок,"Неспособность переваривать, Диарея, Обезвоживание, Потеря веса, Анемия",1
741,хомячок,"Высокая температура, Диарея, Горшок живот, Смерть, Потеря аппетита",1
742,хомячок,"Истощение, Диарея, Кашель, Потеря веса, Смерть",1
743,хомячок,"Респираторный дистресс, Диарея, Смерть, Уменьшить молоко, Потеря веса",1
744,хомячок,"Lllthrift, Бутылка челюсть, Странное поведение, Анемия, Желтуха",1
745,хомячок,"Высокая температура, Хромота, Впустую, Слепота, Ошеломляющий",1
746,хомячок,"Высокая температура, Диарея, Явно неограничен, Потеря веса, Хороший аппетит",1
747,хомячок,"Высокая температура, Тупость, Нежелание ходить, Зараженные навицы, Боли",1
748,хомячок,"Нежность, Нога горячо, Паралич лица, Потеря веса, Боли",1
749,хомячок,"Высокая температура, Отсутствие координации, Больно прикоснуться, Кругим, Депрессия",1
750,хомячок,"Вздутый, Теплый, Запор, Депрессия, Кровавый",1
751,хомячок,"Высокая температура, Потеря аппетита, Спотыкается, Беспокойство, Боли",1
752,хомячок,"Нестационарная походка, Дергается, Слепота, Отек на суставах, Боли",1
753,хомячок,"Высокая температура, Язва, Spabs, Разряд из глаз, Боли",1
754,хомячок,"Запах аммиака, Язва, Депрессия, Припухлость, Боли",1
755,хомячок,"Высокая температура, Летаргия, Слепота, Неподходящее, Увеличился в дыхании",1
756,хомячок,"Блуждание, Кругим, Слепота, Нажатие на голову, Лежат",1
757,хомячок,"Тремор, Лежать на стороне, Сложность в глотании, Смерть, Не есть",1
758,хомячок,"Высокая температура, Трудность в дыхании, Кашель, Чихание, Припадки",1
759,хомячок,"Припухлость, Потеря аппетита, Потеря шерсти, Слезы, Смерть",1
760,хомячок,"Шерсть сгущается, Чувствует себя жестким, Ошеломляющий, Кожная сыпь, Боли",1
761,хомячок,"Покачиваясь, Изменение поведения, Тремор, Деревенские движения конечностей, Боли",1
762,хомячок,"Повреждение ячейки, Изменение поведения, Потеря веса, Прорит, Смерть",1
763,хомячок,"Припухлость, Дискомфорт, Сложность в районе, Смерть, Боли",1
764,хомячок,"Вздутый, Горячие суставы, Пустульсы, Сложность в прогулке, Боли",1
765,хомячок,"Формирование везикул, Ноздри, Ненормально длинная нога, Скабсы на губе, Боли",1
766,хомячок,"Аномалии скелет, Лицевые дефекты, Выпадение волос, Плоские ребра, Недоразвитые мышцы",1
767,кот,"Погода беспокойна, Ног, Нормальный аппетит, Попытка мочиться, Боли",1
768,кот,"Неспособность стоять, Боли ходить, Депрессия, Слабость, Жесткость",1
769,кот,"Высокая температура, Поддаться, Вялый, Анорексия, Боли",1
770,кот,"Вялый, Бутылка челюсть, Злоупотребление, Смерть, Недостаток кислорода",1
771,кот,"Фетопельвич диспропорция, Матка инерция, Злоупотребление, Смерть, Боли",1
772,кот,"Фетопельвич диспропорция, Матка инерция, Злоупотребление, Смерть, Боли",1
773,кот,"Фетопельвич диспропорция, Матка инерция, Злоупотребление, Смерть, Боли",1
774,кот,"Фетопельвич диспропорция, Матка инерция, Злоупотребление, Смерть, Боли",1
775,кот,"Фетопельвич диспропорция, Матка инерция, Злоупотребление, Смерть, Боли",1
776,кот,"Фетопельвич диспропорция, Матка инерция, Злоупотребление, Смерть, Боли",1
777,кот,"Фетопельвич диспропорция, Матка инерция, Злоупотребление, Смерть, Боли",1
778,кот,"Фетопельвич диспропорция, Матка инерция, Злоупотребление, Смерть, Боли",1
779,кот,"Фетопельвич диспропорция, Матка инерция, Злоупотребление, Смерть, Боли",1
780,кот,"Фетопельвич диспропорция, Матка инерция, Злоупотребление, Смерть, Боли",1
781,кот,"Фетопельвич диспропорция, Матка инерция, Злоупотребление, Смерть, Боли",1
782,кот,"Фетопельвич диспропорция, Матка инерция, Злоупотребление, Смерть, Боли",1
783,хомячок,"Фетопельвич диспропорция, Матка инерция, Злоупотребление, Смерть, Боли",1
784,хомячок,"Фетопельвич диспропорция, Матка инерция, Злоупотребление, Смерть, Боли",1
785,хомячок,"Фетопельвич диспропорция, Матка инерция, Злоупотребление, Смерть, Боли",1
786,хомячок,"Фетопельвич диспропорция, Матка инерция, Злоупотребление, Смерть, Боли",1
787,хомячок,"Фетопельвич диспропорция, Матка инерция, Злоупотребление, Смерть, Боли",1
788,хомячок,"Фетопельвич диспропорция, Матка инерция, Злоупотребление, Смерть, Боли",1
789,хомячок,"Фетопельвич диспропорция, Матка инерция, Быстрое дыхание, Смерть, Боли",1
790,хомячок,"Кашель , задыхаясь, отек лица,, Производство слизи, Усталость",1
791,хомячок,"кашель, чихание, Овапки крылья, Скрученная шея, Овапки крылья",1
792,хомячок,"Одышка., Усталость, щебетать, потеря аппетита, опухший живот",1
793,хомячок,"Задыхаясь, кашель , легкая слабость, Овапки крылья, Скрученная шея",1
794,хомячок,"Чрезмерная кровопотеря, головокружение и обморок, Нечеткое зрение, водянистые глаза, медленный рост",1
795,хомячок,"Нос кровоточа , Травма, легкая слабость, Нос, Сухой воздух",1
796,хомячок,"Кровотечение из других частей тела, путаница, Носовая выделение, потеря бдительности, головокружение и обморок",1
797,хомячок,"Плохо дыхание, Лап на лице или нос, кашель , Чихание, Кровотечение из носа",1
798,хомячок,"вытягивая шею, Задыхаясь для воздуха, задыхаясь за дыхание, Сложность глотания, задыхаясь за дыхание",1
799,хомячок,"Сложность глотания, кашель , Сложность глотания, Задыхаясь для воздуха, вытягивая шею",1
800,хомячок,"кашель , Задыхаясь для воздуха, Потеря веса, задыхаясь за дыхание, вытягивая шею",1
801,хомячок,"слабость, Снижение производства стула, Расставленный желудок, тяжелое дыхание, беспокойное движение",1
802,хомячок,"Глаза покраснение, Частые глазные инфекции, Хрустящие ресницы и маты ресниц, грязные пахнущие табуреты,  Увеличение проходящего газа",1
803,хомячок,"Чрезмерное водопад, Глаза покраснение, слабость, Слизистые сбросы с глаз, Частые глазные инфекции",1
804,хомячок,"Внезапная смерть, потеря аппетита,  быстрое сердцебиение, пухлые перья, Отсутствие вокализации",1
805,хомячок,"Невозможно мочиться, Легкомысленность , погружение, ректальное кровотечение, опухший живот",1
806,хомячок,"Крайняя жажда, кровавые выписки, Потеря аппетита, неспособность летать, потеря настороженности",1
807,хомячок,"Производство яиц останавливается, Поведение задумчиво, потеря аппетита, Потеря веса, Запор",1
808,хомячок,"тошнота, рвота, потеря аппетита, переживание изменений в весе,  боль и вздутие живота",1
809,хомячок,"сжигание боли или боль, рвота, потеря аппетита, переживание изменений в весе,  боль и вздутие живота",1
810,хомячок,"Непрерывная потеря веса, Регургитация еды, хрипил, Чрезмерное потребление пищи, Непереваренные семена",1
811,хомячок,"потеря аппетита, летаргия, аборт, булькающий звук, Депрессия",1
812,хомячок,"высокая температура, мягкий колик, потеря хвостового тона, потеря аппетита, депрессия",1
813,хомячок,"наклон головы, летаргия, летаргия, моча дриблинг, неспособность подняться",1
814,хомячок,"высокая температура, потеря аппетита, дыхательный шум, Потеря веса, депрессия",1
815,хомячок,"высокая температура, носовая выделение, мышечная жесткость, опухшие лимфатические узлы, депрессия",1
816,хомячок,"потоотделение, мышечные спазмы, жажда, Потеря веса, трудности с движением и едой",1
817,хомячок,"потеря аппетита, высокая температура тела, Отсутствие аппетита, диарея, внезапная смерть",1
818,хомячок,"потоотделение, сухие или липкие десны, Уменьшенный аппетит, лежа, скучный Несс",1
819,хомячок,"Вытянутая шея, скучный Несс, непристойность, шумное дыхание, кашель",1
820,хомячок,"потеря веса, скучный Несс, непристойность, самоизоляция, лежат",1
821,хомячок,"потеря веса, скучный Несс, Проблема мышц, самоизоляция, лежат",1
822,хомячок,"Измененная походка, скучный Несс, Проблема мышц, Боль, Боли",1
823,хомячок,"Измененная походка, скучный Несс, рассеянный, Диагноз сложности, Анемия",1
824,хомячок,"Трудность в дыхании, Проблема набухания, кровотечение от ран, Частые зевы, анорексия",1
825,хомячок,"недоедание, Питье загрязненная вода, вялость, Ошеломляющий, анорексия",1
826,хомячок,"впустую, спотыкается, вялость, слюни, Опубликовывающие уши",1
827,хомячок,"впустую, спотыкается, вялость, слюни, Проблема мочеиспускания",1
828,хомячок,"впустую, спотыкается, вялость, слюни, Проблема мочеиспускания",1
829,хомячок,"впустую, спотыкается, вялость, слюни, Проблема мочеиспускания",1
830,хомячок,"впустую, спотыкается, вялость, слюни, Проблема мочеиспускания",1
831,хомячок,"впустую, спотыкается, вялость, слюни, Проблема мочеиспускания",1
832,хомячок,"впустую, спотыкается, вялость, слюни, Проблема мочеиспускания",1
833,хомячок,"впустую, спотыкается, вялость, слюни, Опубликовывающие уши",1
834,хомячок,"впустую, спотыкается, вялость, слюни, Опубликовывающие уши",1
835,хомячок,"впустую, спотыкается, Высокая температура, слюни, Опубликовывающие уши",1
836,хомячок,"кошачьи инфекции, Лимфосаркома, трудности дыхание, стоматит, анемия",1
837,хомячок,"внезапная смерть, высокая температура, трудности дыхание, Потеря веса, дрожь",1
838,хомячок,"внезапная смерть, высокая температура, трудности дыхание, Анемия, дрожь",1
839,хомячок,"внезапная смерть, высокая температура, трудности дыхание, Ошеломляющий, дрожь",1
840,хомячок,"внезапная смерть, высокая температура, быстрый пульс и частота сердечных сокращений, Депрессия, дрожь",1
841,хомячок,"высокая температура, потеря аппетита, быстрый пульс и частота сердечных сокращений, хромота в пораженной ноге, депрессия",1
842,хомячок,"высокая температура, потеря аппетита, быстрый пульс и частота сердечных сокращений, хромота в пораженной ноге, депрессия",1
843,хомячок,"высокая температура, потеря аппетита, быстрый пульс и частота сердечных сокращений, хромота в пораженной ноге, депрессия",1
844,хомячок,"высокая температура, потеря аппетита, опухшие соски, хромота в пораженной ноге, депрессия",1
845,хомячок,"припухлость, носовая выделение, слюни, усталость, высокая температура",1
846,хомячок,"сбросы глаз, носовая выделение, изменить их нормальное поведение, высокая температура тела, хромота",1
847,хомячок,"Перестань есть, Перестань пить, изменить их нормальное поведение, Хромота, Боли",1
848,хомячок,"Перестань есть, Перестань пить, изменить их нормальное поведение, Потеря веса, Боли",1
849,хомячок,"Перестань есть, Перестань пить, изменить их нормальное поведение, Депрессия, Боли",1
850,хомячок,"Высокая температура, Трудности дыхание, Жажда и мочеиспускание, Летаргия, Чихание",1
851,хомячок,"Высокая температура, Диарея, Носовая выделение, Летаргия, Синий глаз",1
852,хомячок,"Высокая температура, Респираторный дистресс, Слабость в задних ногах, Гиперестезия, Внезапная смерть",1
853,хомячок,"Язвы, Диарея, Боль в спине, Тарри -стул, Увеличенные лимфатические узлы",1
854,хомячок,"Отек лица, Кровавый слюни, Боль в животе, Невозможно поесть, Утраченные зубы",1
855,хомячок,"Высокая температура, Трудности дыхание, Уменьшить энергию, Потеря веса, Увеличенные лимфатические узлы или отек",1
856,хомячок,"Отек на ноге, Болезненный, Плохой аппетит, Сломанные кости, Носовая выделение",1
857,хомячок,"Краткосрочная летаргия, Потеря аппетита, Плохой аппетит, Быстрая частота сердечных сокращений, Недельный пульс",1
858,хомячок,"Опухшие лимфатические узлы, Трудность ходьбы, Водянистый стул, Летаргия, Вагинальный разряд",1
859,хомячок,"Высокая температура, Диарея, Чихание, Жесткость, Сильная слабость и депрессия",1
860,хомячок,"Высокая температура, Потеря аппетита, Кашель, Хромота, Обухание суставов",1
861,хомячок,"Высокая температура, Хроническое воспаление глаз, Кашель, Летаргия, Неврологические отклонения",1
862,хомячок,"Высокая температура, Отек лица или ноги, Кашель, Депрессия, Боли",1
863,хомячок,"Диарея с слизью, Тенсмус, Нос кровотечение, Метеоризм, Боли",1
864,хомячок,"Сильный кашель, Насморк, Затемненная кожа, Летаргия, Потеря аппетита",1
865,хомячок,"Высокая температура, Воспаленный глаз, Чихание, Депрессия, Хромающий",1
866,хомячок,"Высокая температура, Трудности дыхание, Плохой аппетит, Изменение глаз и кожи, Невозможно заниматься спортом",1
867,хомячок,"Высокая температура, Потеря аппетита, Поражение на коже, Летаргия, Боль в суставах",1
868,хомячок,"Поражения в носовой полости, Поражения на носу, Рвота, Шумное дыхание, Поражения на носу",1
869,хомячок,"Выпадение волос, Перхоть, Рвота, Кора кожи, Изъязвленная кожа",1
870,хомячок,"Зеленовато-желтый носовой разряд, Отсутствие пигментации, Рвота, Летаргия, Боль на лице",1
